ts	phase	decision	why	evidence	result
2026-09-20T05:20:00-04:00	remediate	Replace restore acknowledgments with actual staged PVC writes and retain rollback data until stopped verification succeeds	A successful API response must represent restored bytes, not a receipt; config-only restores must preserve saves	backups_restore.go; backups_restore_safety_test.go; backups_kind_test.go	PASS: tracked/custom writes, stopped new PVC, recovery, unsafe-name refusal, post-commit state-change refusal
2026-09-20T05:20:01-04:00	remediate	Enforce profile identity, schema, source and schedule round-trip contracts	Imports must not overwrite built-ins or custom identities and UI previews must remain importable	backups_regression_test.go; tests/backups-browser.cjs; tests/backups-ui-contract.cjs	PASS: collisions, revisions, strict YAML, multiple items, daily/interval/cron edits and extra scheduled Run now
2026-09-20T05:20:02-04:00	verify	Separate actual KIND evidence from the unresolved game-produced backup name	Fixture-created .bak validates mechanics but cannot establish the game source contract; prior completion claims were too broad	docs/backups-verification.md; docs/screenshots/issue-37/README.md	PASS: verification script, race suite, isolated KIND; OPEN: actual game-produced .bak confirmation
2026-09-19T00:24:23-04:00	ground	Kept live Kubernetes inspection read-only and did not touch named worlds	The user explicitly fenced PC2-US-EAST-01, PC2-US-EAST-02, and scuffed tards; the configured cloud context resolves to a local API endpoint that refuses connections	kubectl config current-context; kubectl get namespaces; helm show values/template	INCONCLUSIVE: kubectl API unavailable; chart confirms only the data mount
2026-09-19T00:31:00-04:00	agree	Selected Candidate 1 as the backup operation base and grafted idempotency/quota recovery plus writer-lock republish safeguards	It gives one complete lifecycle owner without speculative public interfaces, while preserving canonical request identity, atomic admission, durable publication intent, and crash recovery	.tmp/arena-issue37/candidate-{1,2,3}/design.md; .tmp/arena-issue37/judge.md	SYNTHESIZED: .tmp/arena-issue37/synthesis.md
2026-09-19T01:44:00-04:00	implement	Kept profiles in Backup settings and kept operational backup data on the overview	The user needs frequent verification without settings clutter; compact searchable profile browsing handles dozens of server/type definitions while the overview keeps health and recent artifacts visible	Browser screenshots 01-08; docs/mockups/issue-37	IMPLEMENTED: settings cog, profiles/storage tabs, search, scroll container, multi-item authoring, schedules, and run-now
2026-09-19T01:45:00-04:00	verify	Use the demo browser for full UI behavior and deterministic Kubernetes command-boundary tests for production collection	The configured Kubernetes API endpoint refused connections, so mutating or pretending to validate a production PVC would violate the task fence; boundary tests still prove source, stability, limits, symlink, and PVC-selection behavior	bash scripts/verify.sh; backups_kube_test.go	PASS: Go/JS/Helm/all browser suites and Issue #37 screenshots
2026-09-19T01:46:00-04:00	attention	Leave exact live Dragonwilds filenames as a deployment validation item	The upstream chart documents /home/steam/rsdw-dedicated/RSDragonwilds/Saved/SaveGames but not the runtime .bak/.sav basenames, and the live API was unavailable	kubectl config current-context; kubectl get namespaces; helm show values/template	INCONCLUSIVE: runtime discovery rejects missing or ambiguous sources; validate a non-protected production test server before scheduling
2026-09-19T07:46:00-04:00	verify	Validate the production-shaped Kubernetes collector in isolated KIND	The local KIND cluster was available through a task-specific kubeconfig; an isolated namespace used the loaded Dragonwilds image, a normal Deployment/ReplicaSet/Pod owner chain, and a labeled world PVC. No cloud endpoint or protected server was touched	kind-rsdw-c2-live; namespace rsdw-c2-issue37; running and stopped bundle manifests; temporary inspector cleanup	PASS: running source resolved to .bak and stopped source resolved to .sav; bundles published with expected content and inspector cleanup completed. The existing read-only test PVC had no .bak at inspection time, so the basename caveat remains.
